class,description,notes
CITRUS SMELLS,"Most often by citrus in perfumery we describe the whole spectrum of hesperidic fruits (Hesperidia), named after the Hesperides, nymphs from Greek mythology. These are fruits or citrus-smelling raw materials (notably verbena and lemongrass) and a few are among the most ancient ingredients in perfumery alongside resins. The more modern variations, such as pomelo, grapefruit, yuzu and hassaku, are relatively recent developments in the area of perfume extraction.The citrus essences are expressed or cold-expressed in most cases to preserve their inherent freshness. Petitgrain is an exception, as it comes from the steam distillation of the twigs and leaves of the bitter orange tree.Citruses provide a refreshing and effarvescent quality to fragrances, accounting for the top note which tickles our noses with pleasure. They're helpful for clearing one's mind and feel sunny and optimistic, lending an air of easy elegance and cleanness. Bergamot especially is an integral part of the classic Eau de Cologne formula.
Citruses are a classic companion to more tenacious floral and resinous notes in oriental fragrances and they also provide a good companion to other fruity notes, cutting the sugar and injecting tartness.","[['Bergamot', '75'], ['Bigarade', '1083'], ['Bitter Orange', '79'], ['Blood Orange', '286'], ['Calamansi', '1028'], ['Chen Pi', '1289'], ['Chinotto', '866'], ['Citron', '373'], ['Citrus Water', '1182'], ['Citruses', '313'], ['Clementine', '84'], ['Finger Lime', '881'], ['Grapefruit', '76'], ['Grapefruit Leaf', '933'], ['Grapefruit Peel', '1338'], ['Green Tangerine', '1176'], ['Hassaku', '445'], ['Hatkora Lemon', '639'], ['Kaffir Lime', '958'], ['Kumquat', '81'], ['Lemon', '77'], ['Lemon Balm', '375'], ['Lemon Tree', '381'], ['Lemon Verbena', '120'], ['Lemon Zest', '788'], ['Lemongrass', '358'], ['Lime', '78'], ['Limetta', '901'], ['Litsea Cubeba', '529'], ['Mandarin Orange', '82'], ['Mandora', '1044'], ['Methyl Pamplemousse', '467'], ['Neroli', '17'], ['Orange', '80'], ['Palestinian Sweet Lime', '1308'], ['Petitgrain', '3'], ['Pokan', '1354'], ['Pomelo', '242'], ['Shiikuwasha', '1302'], ['Tangelo', '935'], ['Tangerine', '85'], ['Yuzu', '83']]"
"FRUITS, VEGETABLES AND NUTS","Fruity notes beyond citrus (which form a class of its own) have become so popular in recent years that they deserve a category of their own. Vegetable notes are more unusual, sometimes rendered through illusion: an example would be the turnip note that iris rhizome sometimes produces.As a rule fruits and vegetables are resistant to distillation and extraction processes due to the very high percentage of water in their natural make-up, and they remain a reconstructed note in fragrances. Their effect ranges from the refreshing to the succulent, all the way to the musty and mysterious.Fruits and vegetables provide a nuanced texture and a refreshing feel in fragrances. Fruits especially have been extremely popular in the floral fruity category in the 2000s, while peach and plum have been major components in classical perfumers' ""bases"" (such as the famous Persicol) which produced many of the iconic fragrances of the first half of the 20th century.Nuts in perfumes usually include the very popular almond (sometimes confused with the cherry-pie tree, which is a heliotrope and most often replicated through the same materials used for heliotrope and mimosa reconstructions), peanuts (as in Bois Farine), hazelnuts (as in Praline de Santal and Mechant Loup). They are all recreated notes. Nutty notes can be beautiful anchors to more ethereal or earthy materials, such as vetiver, as evidenced in Vetiver Tonka in the Hermessences.","[['Acai Berry', '596'], ['Acerola', '673'], ['Acorn', '1244'], ['Almond', '130'], ['Apple', '146'], ['Apple Juice', '929'], ['Apple Pulp', '930'], ['Apple Sherbet', '823'], ['Apricot', '175'], ['Arctic Bramble', '1027'], ['Argan', '956'], ['Artichoke', '1232'], ['Banana', '123'], ['Barberry', '329'], ['Bearberry', '344'], ['Beetroot', '817'], ['Black Currant', '132'], ['Black Walnut', '1343'], ['Blackberry', '169'], ['Blackthorn', '634'], ['Blueberry', '225'], ['Boysenberry', '577'], ['Brazil Nut', '533'], ['Breadnut', '1101'], ['Buriti', '1230'], ['Burning Cherry', '1330'], ['Candlenut', '1366'], ['Cantaloupe', '1328'], ['Carambola (Star Fruit)', '212'], ['Carrot', '275'], ['Cashew', '1009'], ['Cassowary Fruit', '444'], ['Cauliflower', '1270'], ['Cepes', '376'], ['Chayote', '774'], ['Cherimoya', '880'], ['Cherry', '297'], ['Chestnut', '578'], ['Chia Seed', '1095'], ['Chickpeas', '1386'], ['Chinese Magnolia', '1290'], ['Cloudberry', '692'], ['Coco De Mer', '1146'], ['Coconut', '138'], ['Coconut Water', '1098'], ['Conifer', '1246'], ['Corn', '1132'], ['Corn Silk', '548'], [""Count's Fruit"", '1177'], ['Cranberry', '274'], ['Cucumber', '126'], ['Cupuaçu, Cupuassu, Copoasu', '465'], ['Currant Leaf and Bud', '337'], ['Cyperus Scariosus', '460'], ['Daikon Radish', '1158'], ['Dark Plum Wu Mei', '1292'], ['Dewberry', '644'], ['Dried Apple Crisp', '908'], ['Dried Apricot', '961'], ['Dried Fruits', '230'], ['Durian', '1233'], ['Elderberry', '1086'], ['Fig', '247'], ['Fig Leaf', '150'], ['Forest Fruits', '382'], ['Frosted Berries', '805'], ['Fruit Salad', '1119'], ['Fruity Notes', '320'], ['Gariguette Strawberry', '1307'], ['Genipapo', '1080'], ['Goji Berries', '696'], ['Gooseberry', '249'], ['Grains', '1284'], ['Grape Seed', '937'], ['Grapes', '269'], ['Green Anjou Pears', '1209'], ['Green Grape', '1254'], ['Green Pear', '1321'], ['Green Plum', '1126'], ['Greengage', '996'], ['Ground Cherry', '682'], ['Guarana', '532'], ['Guava', '177'], ['Hazelnut', '141'], ['Jabuticaba', '615'], ['Jackfruit', '462'], ['Japanese Loquat', '550'], ['Jobs Tears (Yi Yi Ren)', '916'], ['Kiwi', '178'], ['Kumbaru', '616'], ['Lingonberry', '1029'], ['Litchi', '194'], ['Loganberry', '1088'], ['Longan Berries', '1030'], ['Macadamia', '666'], ['Mahonia', '909'], ['Malt', '480'], ['Mango', '179'], ['Mangosteen', '303'], ['Maninka', '693'], ['Marian Plum', '1007'], ['Medlar', '1077'], ['Melon', '172'], ['Mirabelle', '491'], ['Moepel Accord', '654'], ['Mulberry', '531'], ['Mushroom', '839'], ['Nashi Pear', '1010'], ['Nectarine', '197'], ['Nutty Notes', '1023'], ['Okra Seeds', '1172'], ['Olive', '263'], ['Papaya', '227'], ['Passionfruit', '161'], ['Pea', '637'], ['Peach', '117'], ['Peanut', '547'], ['Pear', '182'], ['Pecan', '1022'], ['Persimmon', '341'], ['Peruvian Pepper', '1263'], ['Pineapple', '170'], ['Pinot Noir Grapes', '721'], ['Pistachio', '221'], ['Pitahaya', '218'], ['Pitanga', '747'], ['Plum', '171'], ['Pomegranate', '193'], ['Potato', '1150'], ['Prickly Pear', '1145'], ['Pumpkin', '509'], ['Quandong Desert Peach', '1220'], ['Quince', '223'], ['Rambutan', '1036'], ['Raspberry', '174'], ['Red Apple', '144'], ['Red Berries', '184'], ['Red Currant', '134'], ['Red Fruits', '726'], ['Red Fruits Smoothie', '1168'], ['Red Mulberry', '1273'], ['Rhubarb', '188'], ['Roasted Nuts', '1089'], ['Sapodilla', '645'], ['Sarsaparilla', '1337'], ['Sea Buckthorn', '871'], ['Seriguela', '1269'], ['Shea Butter', '1142'], ['Shea Nuts', '1085'], ['Silverberry', '1218'], ['Snowberry', '746'], ['Sour Cherry', '176'], ['Soursop', '1005'], ['Soybean', '224'], ['Squash', '1018'], ['Star Apple', '428'], ['Strawberry', '261'], ['Tayberry', '330'], ['Tomato', '252'], ['Tropical Fruits', '319'], ['Umbu-Cajá | Taperebá', '782'], ['Walnut', '336'], ['Walnut Milk', '1381'], ['Water Fruit', '702'], ['Watermelon', '173'], ['Wattleseed', '1267'], ['White Currant', '219'], ['Wild Strawberry', '163'], ['Winterberry', '438'], ['Wolfberry', '520'], ['Yellow Cherry', '292'], ['Yuca Cassava', '1384'], ['Yumberry', '650']]"
FLOWERS,"A self-evident category of fragrance notes, directly smelling of fragrant blossoms, often rich in nuance: from the banana top note of ylang-ylang, the wine nuances in fresh roses and the powdery, almond-like character of heliotrope, to the camphorous side of freshly-picked tuberose, all the way through the apricot scent of osmanthus, the lemony touches of magnolia and the caramelic facets of lavender, flowers can present surprising sides which never cease to fascinate not just insects, but humans as well.Many of the flowers are rendered through natural sources: Rose and jasmine are notoriously prized for their incomparable essences, rendered through many different techniques (solvent extraction, enfleurage, distillates). The other natural flower extracts include broom, tuberose, lavender, osmanthus, immortelle, ylang ylang and marigold.Other flowers refuse to yield their core aroma, or the yield is so minute that replicating the scent in the lab is the way to go. Violet, lotus and water lily do produce an absolute, but it's very expensive and the yield is so small that only niche and artisanal/all-natural brands can afford to use them.The following flowers are typically reconstructed in the lab via several synthetic molecules: freesia, peony, lily of the valley, mimosa, heliotrope, violet (most of the time), jonquil, narcissus, hyacinth...Floral scents add a romantic and often feminine touch to a composition, augmenting the feel of natural beauty derived from smelling a composition, fanning the fleeting top notes onto a tapestry where everything has its place and alleviating some of the heaviness of more tenacious materials, such as resins and balsams. Natural flower extracts also work with the psyche, if we are to believe aromatherapy, in ameliorating the contact with the natural world and providing spiritual uplift.Flowers play an important role in the floral fragrance family, obviously, but they manage to enter almost all perfume compositions in one form or another, from the lightest eau de cologne to the most lush oriental, even in some masculine colognes. They notably play an intriguing part in ""floral orientals"" (florientals), where they shine clearest amidst the opulence of materials of Eastern origin.","[['Acacia', '730'], ['Acerola Blossom', '674'], ['Aglaia', '414'], ['Albizia', '1194'], ['Almond Blossom', '131'], ['Alstroemeria', '1306'], ['Althaea', '1084'], ['Alumroot', '624'], ['Alyssum', '609'], ['Amarillys', '279'], ['Amazon Moonflower', '1365'], ['Anemone', '244'], [""Angel's Trumpet"", '377'], ['Apple Blossom', '285'], ['Apricot Blossom', '365'], ['Ashoka Flower', '827'], ['Astragalus', '1237'], ['Azteca Lily', '1099'], ['Banana Flower', '957'], ['Banksia Australian', '1147'], ['Begonia', '1060'], ['Belladona', '496'], ['Bellflower', '293'], ['Bergamot Blossom', '680'], ['Black Currant Blossom', '133'], ['Blackberry Blossom', '886'], ['Blue Lilies', '787'], ['Blue Poppy', '342'], ['Bottlebrush', '1151'], ['Bougainvillea', '466'], ['Bread Flower', '846'], ['Bromelia', '633'], ['Buddleia', '604'], ['Butomus Umbellatus', '859'], ['Buttercup', '885'], ['Cacao Blossom', '1389'], ['Calla Lily', '1236'], ['Camellia', '254'], ['Campion Flower', '1286'], ['Cananga', '1239'], ['Cannonball Flower', '826'], ['Carambola Blossom', '675'], ['Cardamom Flower', '1261'], ['Carnation', '7'], ['Celosia', '605'], ['Chai Hu', '1294'], ['Chamomile', '289'], ['Champaca', '243'], ['Cherry Blossom', '298'], ['Chimonanthus or Wintersweet', '489'], ['China Rose', '797'], ['Chinotto blossom', '867'], ['Chocolate Flower', '189'], ['Christmas Tree or Flame Tree', '502'], ['Chrysanthemum', '211'], ['Cistus Incanus', '1165'], ['Clematis', '877'], ['Clover', '125'], ['Coconut Blossom', '1413'], ['Coffee Blossom', '561'], ['Cornflower Sultan Seeds', '463'], ['Cosmos Flower', '912'], ['Costus', '439'], ['Cotton Flower', '301'], ['Creamy Flowers', '1266'], ['Crinum Lily', '659'], ['Cucumber Flower', '1173'], ['Cyclamen', '166'], ['Dahlia', '560'], ['Daisy', '468'], ['Dandelion', '505'], ['Daphne', '625'], ['Daylily', '1319'], ['Deadnettle', '1034'], ['Delonix', '1020'], ['Desert Rose', '469'], ['Dianthus', '700'], ['Dogwood Blossom', '1379'], ['Dove Tree', '419'], ['Dried Rose', '971'], [""Dyer's Greenweed"", '238'], ['Edelweiss', '401'], ['Eglantine Rose', '977'], ['Elderflower', '140'], ['Encian', '397'], ['English Marigold', '191'], ['Erigeron (Fleabane)', '1113'], ['Euphorbia', '1405'], ['Field Scabious', '651'], ['Fig Blossom', '1326'], ['Fire Lily', '1105'], ['Flamingo Flower (Anthurium)', '917'], ['Flax', '291'], ['Floral Notes', '314'], ['Forget Me Not', '421'], ['Fragonia', '522'], ['Freesia', '94'], ['Fringed Pink', '1262'], ['Fuchsia', '272'], ['Geranium', '21'], ['Gerbera', '450'], ['Gladiolus', '364'], ['Goldenrod', '686'], ['Gorse', '566'], ['Grapeflower', '1047'], ['Great Burnet', '1295'], ['Green Nard', '778'], ['Green Tea Flower', '864'], ['Grevillea', '1152'], ['Guava Blossom', '676'], ['Guayacan', '1075'], ['Hawthorn', '89'], ['Hazel Blossom', '1015'], ['Heather', '473'], ['Heliotrope', '99'], ['Hellabore Flower', '357'], ['Hemlock', '497'], ['Hibiscus', '187'], ['Hoary Stock', '701'], ['Holly Flower', '752'], ['Hollyhock', '705'], ['Honeybush or Cyclopia', '814'], ['Honeydew Blossom', '809'], ['Hortensia', '271'], ['Hoya Carnosa Wax Plant', '551'], ['Hyacinth', '22'], ['Hyssop', '426'], ['Impatiens', '567'], ['Inula', '1217'], ['Iris', '11'], ['Iris Butter', '1408'], ['Iris Pallida', '1414'], ['Jacaranda', '677'], ['Jade Flower', '629'], ['Jasmine Orchid', '995'], ['Jujube Blossom', '1037'], ['Kadam', '737'], ['Kangaroo Paw', '1148'], ['Kanuka', '785'], ['Kiwi blossom', '443'], ['Kudzu', '472'], ['Laburnum', '234'], ['Lady of the Night Flower', '750'], ['Lady Slipper Orchid', '878'], ['Lamduan Flower', '855'], ['Lamprocapnos', '858'], ['Lantana', '600'], ['Larkspur', '972'], ['Laurel Blossom', '1019'], ['Lavender', '1'], ['Leatherwood', '766'], ['Ledum', '1153'], ['Liatris', '490'], ['Liatrix', '1352'], ['Lilac', '152'], ['Lily-of-the-Valley', '109'], ['Lime (Linden) Blossom', '288'], ['Litchi Blossom', '1238'], ['Lotus', '27'], ['Lupin', '614'], ['Lydia Broom', '368'], ['Lysylang', '1065'], ['Magnolia', '147'], ['Magnolia Brooklynensis', '1129'], ['Magnolia Leaf', '1170'], ['Malva', '804'], ['Mango Blossom', '380'], ['Mariposa Lily', '1008'], ['Mayflower', '869'], ['Meadowsweet', '849'], ['Melilotus', '612'], ['Melissa Flower', '1130'], ['Michelia', '1160'], ['Mignonette', '226'], ['Mimosa', '167'], ['Mimusops Elengi', '740'], ['Mirabilis', '356'], ['Monarda', '892'], ['Monoi Oil', '668'], ['Morning Glory Flower', '967'], ['Moss Flox', '1127'], ['Myrtle', '328'], ['Narcissus', '18'], ['Nard', '1191'], ['Nasturtium', '384'], ['Nectarine Blossom', '635'], ['Nerium Oleander', '304'], ['Nigella', '874'], ['Night Blooming Jasmine', '738'], ['Olive flower', '427'], ['Opium', '340'], ['Orange Cassia Tree', '914'], ['Orange Flower Water', '1403'], ['Orchard Blossom', '1031'], ['Orchid', '154'], ['Orchid Black Diamond', '1436'], ['Orchid Cactus', '860'], ['Orchid Pink Leopard', '1087'], ['Ornithogalum', '1068'], ['Orris Root', '101'], ['Osmanthus', '10'], ['Pansy', '425'], ['Papaya Blossom', '448'], ['Paramela', '792'], ['Passion Flower', '162'], ['Pataqueira', '732'], ['Peach Blossom', '239'], ['Pear Blossom', '526'], ['Pelargonium', '287'], ['Peony', '155'], ['Periwinkle', '689'], ['Petunia', '736'], ['Phlox', '863'], ['Pineapple Blossom', '707'], ['Pink Flamingo Heliconia', '1161'], ['Pink Lily', '1370'], ['Pittosporum', '90'], ['Plum Blossom', '385'], ['Plumeria', '1108'], ['Poinsettia', '251'], ['Pomegranate Blossom', '255'], ['Poppy', '339'], ['Primrose', '452'], ['Princess Tree (Paulownia)', '112'], ['Privet', '354'], ['Protea', '1335'], ['Prunella', '510'], ['Rangoon Creeper', '819'], ['Raspberry Blossom', '534'], ['Reseda', '690'], ['Rhododendron', '209'], ['Rosa Alba', '1243'], ['Rosa Rubiginosa', '678'], ['Rose', '105'], ['Rose Hip', '202'], ['Rose Japanese (Hamanasu)', '352'], ['Rose Mallow', '241'], ['Rosebay Willowherb', '642'], ['Rosebud', '1340'], ['Roselle', '1107'], ['Safflower', '113'], ['Sainfoins', '630'], ['Sand Lily', '1049'], ['Sandalwood Flower', '1163'], ['Santolina', '649'], ['Saucer Magnolia', '1128'], ['Sea Daffodil', '1257'], ['Siberian Rhododendron', '1221'], ['Silk Tree Blossom', '396'], ['Skeleton Flower (Diphylleia Grayi)', '1208'], ['Smoketree', '1061'], ['Snakeroot', '968'], ['Snow Lotus', '1171'], ['Snowdrops', '294'], [""Solomon's Seal"", '658'], ['Sophora Toromiro Flower', '1067'], ['Sour Cherry Blossom', '207'], ['Spanish Broom', '446'], ['Spiraea', '638'], [""St. John's Wort"", '418'], ['Starflower', '1412'], ['Strawberry Flower', '1082'], ['Strelitzia', '283'], ['Strobilanthes Callosa', '1046'], ['Sunflower', '228'], ['Sweet Pea', '92'], ['Taif Rose', '115'], ['Tamarisk', '773'], ['Tobacco Blossom', '346'], ['Transparent Flowers', '1195'], ['Trillium', '1011'], ['Tulip', '222'], ['Vanilla Bahiana', '1097'], ['Viburnum', '1058'], ['Violet', '116'], ['Violet Woodsorrel', '433'], ['Wallflower', '235'], ['Waratah', '1149'], ['Water Flowers', '1178'], ['Water Hyacinth', '216'], ['Water Lily', '30'], ['White Dahlia', '1380'], ['White Ginger Lily', '739'], ['White Lace Flower', '1219'], ['Wildflowers', '379'], ['Wisteria', '245'], ['Wrightia', '854'], ['Yellow Bells', '1154'], ['Yellow Flowers', '1309'], ['Ylang-Ylang', '24'], ['Yuzu Flower', '989'], ['Zinnia', '891']]"
WHITE FLOWERS,"This is a subgroup within the Flowers group, but it merits its own entry due to the fact that ""white flowers"" are the basis for a whole fragrance sub-category: the ""white florals."" By white flowers, we refer to orange blossom, jasmine, gardenia, tuberose, frangipani. Even though honeysuckle can actually be yellow-colored in nature, its scent profile is not that of yellow flowers (such as mimosa, and it's typified by the sweet, nectarous headiness of white flowers.Lily of the valley, although white in color, is classified as a ""green floral"" as it lacks some of the characteristics of the other white florals and shares facets with other members of the ""green floral"" groups (according to Edmond Roudnitska's classification): hyacinth and narcissus.White flowers have the most narcotic scent of all flowers; lush, opulent and truly intoxicating, almost a code for intense femininity in any fragrance they star in.","[['Arum Lily', '215'], ['Belanis', '1276'], ['Black Locust', '296'], ['Boronia', '118'], ['Carissa', '555'], ['Datura', '378'], ['Frangipani', '151'], ['Gardenia', '19'], ['Grapefruit Blossom', '527'], ['Honeysuckle', '86'], ['Jasmine', '14'], ['Karo-Karounde', '295'], ['Lemon Blossom', '281'], ['Lily', '157'], ['Mandarin Orange Blossom', '366'], ['Melati', '190'], ['Mock Orange', '602'], ['Moon Flower', '1055'], ['Night Blooming Cereus', '338'], ['Orange Blossom', '16'], ['Stephanotis', '111'], ['Syringa', '310'], ['Tangerine Blossom', '353'], ['Tiare Flower', '148'], ['Tuberose', '25'], ['White Flowers', '323'], ['White Tobacco', '345']]"
"GREENS, HERBS AND FOUGERES","By the term ""green"" we refer to notes of snapped leaves and freshly-cut grasses, which exude a piquant quality. In this classification we find some of the classic pungent essences, such as galbanum, which is actually a resin from a tall type of grass with a bracing, piercingly bitter green odor profile. This is the decidedly spring-like top note of vintage Vent Vert by Balmain where it was first put to use in a starring role.Fig leaf is a unique note rendered through synthetics which gives the modern ""fig"" fragrances their bitter-green-allied-to-coconut-sweet scent. Another peculiar leaf note that has a special character is tomato leaf, featured in Eau de Campagne by Sisley, Folavril by A.Goutal and Liberte Acidulee by Les Belles de Nina Ricci.Violet leaf is a modern green ""leaves"" note which is very popular. It gives an aqueous feel reminiscent of freshly-cut cucumber to many compositions, especially masculine ones.
A subcategory apart are tea leaves notes which infuse blends with their unique aromatic profile, according to which variety the perfumer picks (green, red, white, black, Oolong, etc).Herbs are refered to as ""aromatic notes"" by perfumers. These include herbs which we know from cooking, such as rosemary, thyme, mint, tarragon, marjoram, fennel, basil (which is considered a spicy note thanks to its eugenol content), sage, anise. Others, such as artemisia, calamus, angelica and spikenard (jatamansi) have an intensely herbaceous quality that is so distinctive as to immediately characterize the compositions in which they enter.Fern is the anglification of the fragrance term fougère (fern in French), which is not exactly derived from nature (ferns have minimal scent themselves) but from an historical ""accord"" between lavender-oakmoss-coumarin which was devised to produce the mysterious note of a green, damp forest. The archetype of this type of fragrance is Fougère Royale by Houbigant, created by Paul Parquet in 1882. The effect was an interplay between sweet and bitter with a woody, damp and cool character, establishing fougères as the quintessential masculine fragrances.Ferny fragrances recreate the earthy, damp and dark scents of a forest and largely rely on fantasy notes, even though extraction with volatile solvents of the Aspidium fern is possible, though hardly satisfactory in quantity. The subcategory of aromatic fougères, adding spices and herbal notes to the classic structure, is perhaps the most populated masculine colognes category thanks to its pliability.","[['Agave', '608'], ['Algae', '889'], ['Aloe Vera', '484'], ['Ammophila (Beach Grass)', '890'], ['Angelica', '44'], ['Angelica Root', '1363'], ['Apple Mint', '853'], ['Arnica', '518'], ['Aromatic Notes', '1259'], ['Artemisia', '47'], ['Asparagus', '621'], ['Assam Tea', '1303'], ['Avocado', '270'], ['Azolla (Water Fern)', '963'], ['Banana Leaf', '124'], ['Barley', '569'], ['Basil', '119'], ['Bay Essence', '710'], ['Beachheather', '1430'], ['Betel Leaf', '1225'], ['Bigarane™', '1402'], ['Black Currant Leaf', '570'], ['Blackberry Leaf', '618'], ['Borage', '601'], ['Borneol', '413'], ['Bran', '655'], ['Buchu or Agathosma', '583'], ['Buckwheat', '1223'], ['Bulrush', '307'], ['Burdock', '959'], ['Cactus', '256'], ['Calamus', '507'], ['Calycanthus', '519'], ['Cangzhu', '1293'], ['Cannabis', '363'], ['Capitiú', '1206'], ['Carnation Leaves', '793'], ['Cedar Leaves', '1333'], ['Celery', '392'], ['Celery Seeds', '137'], ['Centella Asiatica', '606'], ['Cherry Leaf', '1125'], ['Chicory', '1205'], ['Chive', '875'], ['Chuan Xiong', '1297'], ['Cilantro', '993'], ['Citron Leaf', '1435'], ['Clary Sage', '164'], ['Coca', '1043'], ['Creosote Bush', '811'], ['Crithmum', '808'], ['Davana', '907'], ['Deer Tongue Grass', '984'], ['Dried Fallen Leaves', '913'], ['Earl Grey Tea', '733'], ['Fermented Tea', '1162'], ['Fern', '258'], ['Flouve', '1144'], ['Fo Ti (Ho Shou Wu)', '610'], ['Fresh Evergreen', '1282'], ['Gajumaru Banyan', '1110'], ['Galbanum', '45'], ['Garlic', '1417'], ['Genmaicha', '786'], ['Geranium Macrorrhizum (Zdravetz)', '1112'], ['Ginkgo', '688'], ['Ginseng', '374'], ['Grape Leaves', '695'], ['Grass', '277'], ['Green Branches', '1345'], ['Green Forest', '1364'], ['Green Notes', '318'], ['Green Pepper', '488'], ['Green Sap', '897'], ['Gromwell', '626'], ['Guao or Maiden Plum', '812'], ['Hat Straw', '1100'], ['Hay', '395'], ['Henna', '741'], ['Hops', '572'], ['Horseweed', '947'], ['Immortelle', '12'], ['Ivy', '192'], ['Jambu', '1268'], ['Jatamansi or Spikenard', '108'], ['Juniper', '142'], ['Juniper Berries', '143'], ['Katrafay', '715'], ['Katsura Leaf', '698'], ['Khella', '683'], ['Kunzea', '1186'], ['Laminaria', '824'], ['Lantana leaf', '537'], ['Lapsang Souchong Tea', '1071'], ['Laurissilva Forest', '1424'], ['Lesser Calamint', '1378'], ['Lettuce', '1248'], ['Lily-of-the-Valley Leaves', '975'], ['Limnophila Aromatica', '545'], ['Linaloe Berry', '684'], ['Longjing Tea', '1157'], ['Lovage Root', '1026'], ['Marigold', '153'], ['Marjoram', '260'], ['Matcha Tea', '1001'], ['Mate', '48'], ['Melilot or Sweet Clover', '571'], ['Mimosa Leaves', '1122'], ['Mint', '160'], ['Mistletoe', '516'], ['Naswar', '1318'], ['Nettle', '248'], ['Nut Grass', '1069'], ['Oak Leaves', '1013'], ['Oat', '848'], ['Olive Leaf', '264'], ['Oolong Tea', '713'], ['Orchid Leaf', '994'], ['Oregano', '386'], ['Palm Leaf', '389'], ['Palmarosa', '508'], ['Pandanus', '408'], ['Parsley', '796'], ['Peach Leaf', '934'], ['Pear Leaf', '372'], ['Pesto', '1416'], ['Peyote', '1423'], ['Polygonum', '1000'], ['Portulaca or Pigweed', '587'], [""Pu'er Tea"", '1156'], ['Purslane', '1288'], ['Red Algae', '704'], ['Reed', '383'], ['Rice', '208'], ['Rooibos Red Tea', '441'], ['Roots', '1123'], ['Rose Leaf', '949'], ['Rose Thorn', '873'], ['Rosemary', '49'], ['Roseroot', '988'], ['Rue', '841'], ['Rumex', '795'], ['Rye', '847'], ['Sabah Snake Grass', '1324'], ['Sage', '52'], ['Sansevieria', '1274'], ['Sap', '1375'], ['Satureja', '541'], ['Saw Palmetto', '685'], ['Seaweed', '409'], ['Shiso', '492'], ['Sideritis Mountain Tea', '559'], ['Silk Vine or Milk Broom', '525'], ['Skunk Cabbage', '493'], ['Snake Plant', '1040'], ['Spinach', '815'], ['Stems Greens', '1135'], ['Strawberry Leaf', '262'], ['Sundew', '951'], ['Swartzia', '1299'], ['Sweet Grass', '943'], ['Tansy', '910'], ['Tarragon', '93'], ['Tea', '106'], ['Thistle', '590'], ['Thyme', '97'], ['Ti Leaf (Cordyline)', '904'], ['Tieguanyin Tea', '1155'], ['Tobacco', '96'], ['Tomato Leaf', '253'], ['Torreya', '1387'], ['Trees', '1410'], ['Tulsi', '474'], ['Turnera Diffusa (Damiana)', '770'], ['Valerian', '582'], ['Vine', '449'], ['Violet Leaf', '127'], ['Water Lily Leaf', '1140'], ['Wheat', '387'], ['White Meranti', '1231'], ['Wintergreen', '1054'], ['Woodfuff or Galium Odoratum', '592'], ['Wormwood', '369'], ['Yarrow', '681'], ['Yunnan Red Tea', '442']]"
SPICES,"The Spices group is a familiar category of perfume notes, thanks mainly to their long-standing inclusion in food. Some of them have pride of place in any self-respecting kitchen spice cabinet, such as cinnamon, pepper, cloves, coriander, ginger. Others are more unusual, from the precious hand-picked saffron, to tamarind and caraway and the very gentle, rose-hued pink pepper. True spices are always dried, but there are some herbs which have a spicy tang to them, such as oregano. These can be used both fresh or dry.Spices are classified as ""hot/short"" (intense and burning for a short duration) such as cinnamon, and ""cold/long"" (gentler, giving a cooling sensation rather than burning, with a prolonged aftertaste) such as coriander, caraway and cardamom. This helps the perfumer give the desired effect when handling spices according to his or her concept of a fragrance. They can be coupled with similar materials to reinforce their message, or they can provide a juxtaposing element.","[['Allspice', '122'], ['Anise', '393'], ['Asafoetida', '278'], ['Bay Leaf', '128'], ['Bengal Pepper', '979'], ['Cacao Pod', '135'], ['Caraway', '121'], ['Cardamom', '63'], ['Carolina Reaper', '1360'], ['Cassia', '60'], ['Chutney', '498'], ['Cinnamon', '65'], ['Cinnamon Leaf', '868'], ['Clove Leaf', '911'], ['Cloves', '61'], ['Coffee', '139'], ['Coffee CO2', '1304'], ['Coffee Tincture', '1298'], ['Coriander', '64'], ['Cubeb or Tailed Pepper', '588'], ['Cumin', '549'], ['Curcuma (Turmeric)', '308'], ['Curry', '1222'], ['Curry Tree', '417'], ['Dill', '240'], ['Fennel', '398'], ['Fenugreek', '475'], ['Galanga', '88'], ['Ginger', '62'], ['Green Coffee', '1359'], ['Indian Spices', '322'], ['Japanese Pepper', '603'], ['Kaempferia Galanga', '1291'], ['Licorice', '195'], ['Mace', '538'], ['Mustard Seed', '851'], ['Nutmeg', '59'], ['Oily Notes', '731'], ['Oriental Notes', '483'], ['Pepper', '158'], ['Peppertree', '753'], ['Pimento', '159'], ['Pimento Leaf', '978'], ['Pimento Seeds', '940'], ['Pink Pepper', '91'], ['Priprioca', '729'], ['Saffron', '55'], ['Safraleine', '349'], ['Sesame', '290'], ['Siam Cardamom', '1296'], ['Sichuan Pepper', '213'], ['Spicy Notes', '321'], ['Star Anise', '100'], ['Sumac', '631'], ['Tamarind', '233'], ['Timur', '1070'], ['Tonka Bean', '73'], ['Toscanol', '350'], ['Vanilla', '74'], ['Wan Sao Lhong', '1024'], ['Wasabi', '662'], ['Water Pepper', '585'], ['West Indian Bay', '129']]"
SWEETS AND GOURMAND SMELLS,"This succulent group of scent notes has really established itself and multiplied henceforth with the advent of ""gourmand"" fragrances, a sub-division of the Oriental fragrance group, in the 1990s and 2000s. These fragrances, largely built on vanilla, are reminiscent of foody smells, specifically sweets and desserts; ranging from the simpler chocolate, fresh cream and caramel smells to complex or more exotic recipes such as macaroons, crème brulée, the ever popular cupcakes and chewy nougat.The first successful ""gourmand"" fragrance was Angel, launching in 1992, which produced a caramel and chocolate effect through the use of ethyl maltol (the scent of cotton candy/sugar caramel), natural patchouli (which has a cocoa facet) alongside industry standard ethyl vanillin. From then on, given Angel's commercial success, dessert smells flourished and this group of notes is among the most important in contemporary perfumery. Although some natural materials do present facets that are sweet or foody, the vast majority of these notes are reproduced via clever intermingling of naturals and synthetics.Although mostly used in feminine fragrances, which can more easily encompass sweeter notes, gourmand notes are not excluded from masculine or shared scents.These edible notes produce a feeling of euphoria and playfulness, resulting in a tingling of the taste buds in addition to the nostrils, thus confirming the fact that flavor is a combination of taste and smell. They make us see our perfume in a completely novel way and are intriguing when used by a skilled perfumer who can manipulate them to create increasingly complex aromas.","[['Acetyl Furan', '829'], ['Agave Nectar', '888'], ['Baklava', '1159'], ['Biscuit', '574'], ['Bread', '623'], ['Brioche', '818'], ['Brown Sugar', '521'], ['Bubbaloo', '1190'], ['Bubble Gum', '884'], ['Burnt Sugar', '1373'], ['Butter', '580'], ['Buttercream', '1367'], ['Butterscotch', '832'], ['Cacao Butter', '1346'], ['Cake', '1368'], [""Calissons d'Aix"", '1062'], ['Candied Fruits', '948'], ['Candied Ginger', '946'], ['Candied Orange', '646'], ['Candies', '316'], ['Canelé', '754'], ['Caramel', '183'], ['Cereals', '1096'], ['Cherry Milk', '1377'], ['Cherry Syrup', '1342'], ['Chocolate Fudge', '1419'], ['Chocolate Truffle', '1331'], ['Churros', '1255'], ['Coconut Pie', '931'], ['Condensed Milk', '1166'], ['Cone Waffle', '1316'], ['Confetti (Sugared Almonds)', '1051'], ['Cookie', '945'], ['Cotton Candy', '237'], ['Cream', '454'], ['Crème Brûlée', '495'], ['Croissant', '405'], ['Cupcake', '504'], ['Custard', '517'], ['Dark Chocolate', '136'], ['Dates', '355'], ['Donut or Doughnut', '1094'], ['Dulce de Leche', '575'], ['Eggnog', '1256'], ['Fougassette', '1351'], ['French Pastries', '598'], ['Frosting [Glacé]', '745'], ['Gelatin', '1383'], ['Gianduia', '974'], ['Gingerbread', '535'], ['Gourmand Accord', '1285'], ['Griotte Cherries', '1090'], ['Halva', '834'], ['Hazelnut Cocoa Spread', '813'], ['Honey', '181'], ['Honeycomb', '1042'], ['Horchata', '636'], ['Ice cream', '599'], ['Icing Pink', '653'], ['Jelly', '1072'], ['Kulfi', '661'], ['Loukhoum', '694'], ['Macarons', '451'], ['Maple Syrup', '447'], ['Maraschino Cherry', '781'], ['Marmalade', '268'], ['Marron Glacé', '391'], ['Marshmallow', '236'], ['Marzipan', '232'], ['Meringues', '453'], ['Milk Cream', '1341'], ['Milk Mousse', '568'], ['Milkshake', '1312'], ['Molasses', '768'], ['Nougat', '437'], ['Nutella', '1272'], ['Oatmilk', '1353'], ['Palm Sugar', '1323'], ['Pancake', '1315'], ['Panettone', '1059'], ['Panna Cotta', '500'], ['Peach Cream', '1278'], ['Pear Ice Cream', '806'], ['Popcorn', '250'], ['Praline', '198'], ['Profiterole', '757'], ['Pudding', '1371'], ['Rainbow Sorbet', '584'], ['Rice Pudding', '944'], ['Rose Jam', '1002'], ['Sacher Torte', '1393'], ['Sorbet', '643'], ['Souffle', '1349'], ['Sprinkles', '1320'], ['Spun Sugar', '530'], ['Strawberry Syrup', '932'], ['Sugar', '200'], ['Tartine', '1133'], ['Tiramisu', '906'], ['Toffee', '434'], ['Waffle', '1079'], ['White Chocolate', '168'], ['White Chocolate Truffle', '1332'], ['Whoopie Pie', '1115'], ['Yogurt', '970'], ['Zefir', '1056']]"
WOODS AND MOSSES,"Woody notes are dependable and pliable, a sort of a Jack in the deck of a skilled perfumer, providing the bottom of a composition and reinforcing the other elements according to their olfactory profile. Precious few of the woody notes can serve as a top note or middle note, namely rosewood.The scent profile of woods ranges wildly across the different trees. Some of them can be tarry and phenolic smelling, like guiacwood. Others are austere and reminiscent of a case of new pencils; think cedarwood. Others still are creamy, milky, nuzzling and deeply soft, like sandalwood. And there are those woody notes which are so individual that they can characterise the whole composition: Agarwood/Oud, rather the byproduct of the Aquillaria tree's fighting of a fungus disease, is so rich and complex that it encompasses nutty, woody, musty, even camphoraceous scents. Or think how pine or fir reminds us of specific seasons, thanks to their associations.Thought some woody notes are produced via natural means, such as maceration and distillation of the actual wood chips, several other notes, as well as some of the ones that could be produced via the natural product, are produced via lab synthesis. The reasons include sustainability, cost efficiency and safety.Vetiver and patchouli are interesting exceptions in the group of woody notes, in that vetiver is actually a grass with an intricate root system and patchouli is the leaf of an Eastern bush, but their scent profile is woody, hence the classification.
Woody notes are par excellence the domain of masculine fragrances, thanks mostly to the robust association the trees bring to mind and less due to their scent, but their pliability makes them an essential component in feminine and shared fragrances are well. Indeed there are very few fragrances not boasting at least one woody note in their make-up.Mosses comprise a sub-group, as they consist of parasitical lichen organisms growing on trees, such as oakmoss (Evernia prunastri) and tree moss (Evernia furfuracea). The scent profile of mosses is irreplaceable, though major efforts are made in the fragrance industry to produce scent-identical molecules now that these raw materials have fallen under rationing from the International Fragrance Association (IFRA).Mosses are inky-bitter in scent, with a deep, disturbing murkiness, darkly green, replicating the forest floor during autumn. For this reason they're notoriously used as the backbone of the chypre and fougère fragrance families; indeed, oakmoss is one foot of the triad of the accords which comprise the skeleton of these two categories.
Their properties are grounding, pensive, introspective and darkly sensual, giving retro fragrances a distinctive quality.","[['Agarwood (Oud)', '114'], ['Akigalawood', '697'], ['Alder', '900'], ['Almond tree', '327'], ['Amaranth', '619'], ['Amburana Bark', '1117'], ['Amburana Wood', '1118'], ['Amyris', '416'], ['Apple Tree', '284'], ['Araucaria', '573'], ['Araucaria', '632'], ['Arbutus (Madrona, Bearberry Tree)', '771'], ['Argan Tree', '955'], ['Aspen', '613'], ['Australian Blue Cypress', '1339'], ['Bamboo', '42'], ['Baobab', '703'], ['Bark', '709'], ['Beech', '586'], ['Belambra Tree', '641'], ['Birch', '31'], ['Black Hemlock or Tsuga', '565'], ['Black Spruce', '478'], ['Blackwood', '494'], ['Blonde Woods', '1437'], ['Brazilian Rosewood', '110'], ['Buddha Wood', '821'], ['Buxus', '333'], ['Cabreuva', '611'], ['Cambodian Oud', '762'], ['Canadian Balsam', '70'], ['Carob Tree', '430'], ['Cascarilla', '1048'], ['Cashmir wood', '343'], ['Cedar', '41'], ['Chalood Bark', '1025'], ['Cherry Tree', '985'], ['Chinese Oud', '1434'], ['Clearwood', '816'], ['Cocobolo', '302'], ['Coffee Tree', '1014'], ['Cork', '769'], ['Cottonwood (Poplar)', '718'], ['Cypress', '186'], ['Cypriol Oil or Nagarmotha', '406'], ['Dark Patchouli', '1361'], ['Dreamwood', '1251'], ['Driftwood', '503'], ['Dry Wood', '1012'], ['Ducke', '1300'], ['Ebony Tree', '331'], ['Elm', '1187'], ['Enoby Wood', '791'], ['Eucalyptus', '149'], ['Fig tree', '431'], ['Fir', '205'], ['Grass Tree', '1033'], ['Guaiac Wood', '36'], ['Hiba', '1348'], ['Hinoki Wood', '32'], ['Ho Wood', '898'], ['Incienso', '893'], ['Indian Oud', '759'], ['Indian Woods', '807'], ['Ironwood', '1336'], ['Ishpink, Ocotea Quixos', '1021'], ['Kowhai', '784'], ['Laotian Oud', '760'], ['Larch', '360'], ['Lichen', '667'], ['Liquidambar', '1141'], ['Mahogany', '43'], ['Malaysian Oud', '1433'], ['Mango Tree', '1369'], ['Manuka', '470'], ['Maple', '305'], ['Massoia', '229'], ['Mesquite Wood', '1016'], ['Muhuhu', '506'], ['Mysore Sandalwood', '1241'], ['Neem', '361'], ['Nootka', '969'], ['Oak', '326'], ['Oakmoss', '39'], ['Olive Tree', '265'], ['Palisander Rosewood', '38'], ['Palo Santo', '597'], ['Palo Verde Tree', '1180'], ['Pamplewood', '1407'], ['Paperbark', '359'], ['Papyrus', '206'], ['Patchouli', '34'], ['Peach Tree', '1124'], ['Pear Tree', '371'], ['Pepperwood or Hercules Club', '594'], ['Pine Tree', '204'], ['Pink Ipê Tree', '1131'], ['Plum Tree', '306'], ['Pua Keni Keni (Pua-Lulu)', '905'], ['Ravenala', '1017'], ['Ravensara', '595'], ['Red Willow', '952'], ['Redwood', '1216'], ['Saman', '903'], ['Sandalwood', '33'], ['Satinwood', '332'], ['Sawdust', '1214'], ['Sequoia', '309'], ['Siam', '334'], ['Spruce', '481'], ['Sycamore', '487'], ['Takamaka', '1006'], ['Tamboti Wood', '1143'], ['Teak Wood', '266'], ['Thailand Oud', '761'], ['Thanaka Wood', '1347'], ['Thuja', '394'], ['Transparent Woods', '1181'], ['Vetiver', '2'], ['Vietnamese Oud', '1425'], ['White Oud', '777'], ['White Willow', '852'], ['Woody Notes', '315'], ['Yohimbe', '687']]"
RESINS AND BALSAMS,"The raw materials falling under the umbrella of resins and balsams are among the most ancient components of perfumes, often the basis of the Oriental family of scents. They are classified into different olfactory profiles according to their aromatic properties.Soft balsamic-smelling ingredients include vanilla, benzoin, Peru balsam, Tolu balsam (close to Peru but a little sweeter and fresher). They have a gentle tone, while at the same time they're softly enveloping and have a pronounced character. They fix flowers into lasting longer, and thanks to their properties when used in large quantities, they produce the semi-Orientals or the florientals (in conjunction with rich floral essences).Resinous balsamic ingredients include opoponax, frankincense/olibanum, myrrh, birch tar, elemi and styrax. These materials are deeper, with a lingering trail which adds originality and projection to a composition. Since they themselves come from the bark of trees in the form of crystalised resin ""tears,"" they pair very well with woody scents.","[['Amberwood', '691'], ['Bakhoor', '1277'], ['Balsamic Notes', '1229'], ['Balsamic Vinegar', '622'], ['Benzoin', '69'], ['Birch Tar', '862'], ['Breu-Branco', '728'], ['Bushman Candle', '865'], ['Cade oil', '810'], ['Choya Loban', '476'], ['Choya Nakh', '838'], ['Choya Ral', '840'], ['Coal Tar', '941'], ['Copahu Balm', '407'], ['Copaiba Balm', '714'], ['Copal', '542'], ['Dragon Blood Resin', '850'], ['Elemi', '390'], ['Estoraque', '1283'], ['Gurjun Balsam', '536'], ['Incense', '68'], ['Labdanum', '15'], ['Mastic or Lentisque', '471'], ['Mopane', '716'], ['Myrica', '899'], ['Myrrh', '98'], ['Nag Champa', '962'], ['Olibanum (Frankincense)', '95'], ['Olibanum Sacra Resin Green', '1398'], ['Opoponax', '37'], ['Peru Balsam', '72'], ['Pine Tar', '1111'], ['Poplar (Populus) Buds', '540'], ['Resins', '317'], ['Rubber', '942'], ['Styrax', '67'], ['Surf Wax', '656'], ['Tea Tree Oil', '861']]"
"MUSK, AMBER, ANIMALIC SMELLS","The term ""animalic"" refers to both raw aroma materials and ""fantasy"" notes (derived from synthesis in the lab) which directly evoke a scent reminiscent of animals—either real ones, or more metaphorically, the libidinous nature of our own human animal instincts—and their primal force.In perfumery, animal notes were traditionally rendered through deer musk, castoreum, ambergris and civet cats, but nowadays, ethical concerns for these animals' welfare have rendered their use obsolete and the substitution with synthetic variants a rule. (Only ambergris is by its nature cruelty-free, being naturally expelled by the sperm whale itself in the ocean, but it's a very rare and expensive ingredient for most commercial use, so synthetics replicating its aroma are the standard practice).Musk especially has been synthesized in the lab in hundreds of variants, resulting in slightly different odor profiles for each (Galaxolide, Habanolide, Ethyl Brassylate, Allyl Amyl Glycolate etc).Amber notes are different from ambergris in that the former is a mix of resins producing a warm, sweetish and very deep scent (most often in the ""Oriental"" family), while the latter is a rather salty, subtly skin-like deep note with no great sweetness to it.A few cases of animals indirectly used for animalic notes—with absolutely no harm rendered to the animal in question—are hyrax (the petrified excrement of which is used), goat hair tincture, roasted sea shells and beeswax from beehives.
Some plants, such as Angelica and Ambrette Seeds, also produce animalic-smelling compounds that replicate musk.Last but not least, perfumery makes use of ""fantasy notes,"" rendered through creative mixing of various ingredients or single synthetic reconstitution, that recall the ambience of some scents with animal inferences, such as milk, caviar, starfish, skunk cabbage, bacon, bbq cuts, leather or suede hide.","[['Aldron', '1287'], ['Amber', '54'], ['Amber Xtreme', '879'], ['Ambergris', '524'], ['Ambertonic™ (IFF)', '837'], ['Ambrarome', '562'], ['Ambretone', '351'], ['Ambrette (Musk Mallow)', '107'], ['Ambrettolide', '919'], ['Ambrocenide (Symrise)', '822'], ['Ambroxan', '563'], ['Animal Notes', '794'], ['Bacon', '514'], ['BBQ', '515'], ['Beeswax', '53'], ['Carrot Seeds', '276'], ['Castoreum', '102'], ['Caviar', '432'], ['Cetalox', '564'], ['Cheese', '579'], ['Civet', '104'], ['Coral Reef', '708'], ['Daim', '825'], ['Fur', '1247'], ['Genet', '552'], ['Goat Hair', '412'], [""Goat's Milk"", '1245'], ['Hyraceum', '411'], ['Kephalis', '399'], ['Leather', '156'], ['Meat', '513'], ['Milk', '199'], ['Musk', '4'], ['Muskrat', '1253'], ['Oysters', '711'], ['Saffiano Leather', '1281'], ['Sea Shells', '410'], ['Skatole', '1164'], ['Skin', '882'], ['Starfish', '217'], ['Suede', '196'], ['Sylkolide', '928'], ['Tolu Balsam', '71'], ['Truffle', '335'], ['Velvione™', '1388']]"
BEVERAGES,"Fragrances often recreate the scent of popular beverages in some part of their formula, from the festive fizz of Champagne and the caramelized toasty flavor of Coca Cola, to the tropical delights of Pina Colada or the creaminess of a good cup of cappuccino. These recreations are made possible by:* utilization of ingredients that make up part of the recipe for a given drink (Coca Cola, for instance, in which lime juice, vanilla extract, cinnamon, neroli, orange, coriander and nutmeg feature prominently)* the association of some raw materials with scents we know from beverages (i.e. the wine-like note in some rose essences, or the gin-like scent of juniper berries, because the latter are actually used to aromatize the former, etc.)* synthetic molecules which have been engineered to produce the desired effect.Beverage notes in fragrances provide a succulent, appetizing effect, often combined in fruity floral blends or ""gourmand"" fragrances which seduce the taste buds as well as the nostrils.","[['Absinthe', '717'], ['Advocaat', '1391'], ['Amaretto', '267'], ['Applejack', '1093'], ['Baileys Irish Cream', '870'], ['Batida', '1226'], ['Beer/Ale', '965'], ['Bellini', '312'], ['Blue Margarita', '780'], ['Boozy Notes', '1432'], ['Bourbon Whiskey', '939'], ['Cachaça', '1271'], ['Caipirinha', '664'], ['Campari', '388'], ['Cappuccino', '246'], ['Champagne', '400'], ['Champagne Rosé', '1174'], ['Chinotto', '803'], ['Coca-Cola', '362'], ['Cocktail Fruits', '1404'], ['Cognac', '280'], ['Cognac', '523'], ['Cosmopolitan Cocktail', '648'], ['Cream Soda', '477'], ['Curaçao', '220'], ['Daiquiri', '742'], ['Eau de Vie', '647'], ['Fruit Tea', '1235'], ['Gin', '299'], ['Grenadine', '311'], ['Hi-Fi', '758'], ['Jasmine Tea', '772'], ['Kava Drink', '1355'], ['Kir Royal', '576'], ['Lemonade', '455'], ['Limoncello', '440'], ['Liquor', '727'], ['Macchiato', '1415'], ['Madeira', '743'], ['Mai Tai Cocktail', '665'], ['Margarita', '1189'], ['Martini', '420'], ['Masala Chai', '214'], ['Mezcal', '1374'], ['Midori', '1234'], ['Mocha', '1334'], ['Mojito', '300'], ['Moscow Mule', '1175'], ['Mulled Wine', '1392'], ['Orange Soda', '1362'], ['Pina Colada', '282'], ['Pisco Sour Cocktail', '1050'], ['Plum Wine', '1138'], ['Port Wine', '950'], ['Prosecco', '1045'], ['Punch', '581'], ['Raki', '751'], ['Red Wine', '464'], ['Rhum Agricole', '1102'], ['Rice Water', '1210'], ['Rum', '201'], ['Sake', '734'], ['Sangria', '699'], ['Sparkling Water', '1314'], ['Sparkling Wine', '1313'], ['Syrup', '997'], ['Tequila', '424'], ['Tokaji Wine', '652'], ['Tonic Water', '660'], ['Umeshu', '1344'], ['Vermouth', '628'], ['Vodka', '203'], ['Whiskey', '210'], ['White Wine', '543'], ['Wine Lees', '1004']]"
"NATURAL AND SYNTHETIC, POPULAR AND WEIRD","In this group we place descriptive notes such as powdery, earthy, and some unusual smells which could be found in perfume compositions.","[['Accord Eudora®', '1091'], ['Alcantara Accord', '1207'], ['Aldehydes', '165'], ['Aluminum', '456'], ['Ambreine', '1327'], ['Ambrinol', '1202'], ['AMBROX® SUPER', '1280'], ['Ammonia', '1064'], ['Amyl Salicylate', '347'], ['Antillone™', '1136'], ['Aqual™', '1183'], ['Aquozone', '1039'], ['Ash', '627'], ['Asphalt', '556'], ['Azarbre', '1198'], ['Black Diamond', '1322'], ['Black Leather', '1211'], ['Blood', '1038'], ['Boisiris', '920'], ['Brick', '843'], ['Brown Scotch Tape', '511'], ['Burnt Match', '657'], ['Calone', '423'], ['Calypsone', '1032'], ['Camphor', '404'], ['Candle Wax', '1397'], ['Caoutchouc', '620'], ['Cascalone', '706'], ['Cashalox', '1240'], ['Cashmeran', '348'], ['Cetonal®', '1203'], ['Chalk', '1204'], ['Clarycet', '1200'], ['Clay', '403'], ['CO2 Extracts', '783'], ['Coal', '554'], ['Cobblestone', '973'], ['Cocaine', '1114'], ['Concrete', '936'], ['Copper', '1252'], ['Coral Limestone', '1109'], ['Coranol', '895'], ['Cork', '844'], ['Cosmone', '922'], ['Coumarin', '259'], ['Credit Cards', '1395'], ['Crustaceans', '1385'], ['Cyclopidene', '1197'], ['Damascone', '1121'], ['Dew Drop', '798'], ['Dihydromyrcenol', '1076'], ['Dodecanal', '902'], ['Earth Tincture', '415'], ['Earthy Notes', '801'], ['Egg', '1250'], ['Ember', '589'], ['Ethyl Maltol', '836'], ['Eugenol', '894'], ['Evernyl', '1167'], ['Fabric', '953'], ['Factor X', '1260'], ['Fire', '960'], ['Fish', '991'], ['Flint', '712'], ['Flour', '1249'], ['Galaxolide', '887'], ['Gasoline', '845'], ['Geosmin', '546'], ['Gold', '1215'], ['Graphite', '831'], ['Guaiacol', '1139'], ['Gunpowder', '485'], ['Hand Cream', '1394'], ['Head Space Waterfall', '755'], ['Hedione', '640'], ['Helvetolide', '924'], ['Hexenyl Green', '1406'], ['Hexyl Acetate', '1184'], ['Hina', '775'], ['Hivernal®', '1224'], ['Holy Water', '1399'], ['Hot Iron', '591'], ['Ice', '856'], ['Indole', '528'], ['Industrial Glue', '512'], ['Ink', '539'], ['Instant Film Accord', '828'], ['Iodine', '1372'], ['Ionones', '1428'], ['Iso E Super', '422'], ['Isobutyl Quinoline', '925'], ['Jasmone', '1427'], ['Javanol', '915'], ['Jeans', '765'], ['Lactones', '1429'], ['latex', '1104'], ['Lava', '833'], ['Lilybelle®', '1264'], ['Linen', '857'], ['Lip Gloss', '999'], ['Lipstick', '883'], ['Little Doll Strawberry', '1382'], ['Lorenox', '544'], ['Magnolan', '964'], ['Mahonial', '990'], ['Mascarpone Cheese', '1317'], ['Melonal', '1103'], ['Metallic Notes', '458'], ['Mineral Notes', '820'], ['Mitti Attar', '799'], ['Molasses', '767'], ['Money', '1396'], ['Motor Oil', '938'], ['Mountain Air', '679'], ['Mousse de Saxe', '1279'], ['Mugane', '1041'], ['Muscenone', '1305'], ['Mystikal', '926'], ['NaturalCalm™', '764'], ['Neoprene', '670'], ['Norlimbanol™', '1092'], ['Nympheal™', '1325'], ['Orcanox™', '1418'], ['Ozonic Notes', '669'], ['Paper', '756'], ['Para-Cresyl Phenyl Acetate', '876'], ['Paradisone', '992'], ['Pearls', '1120'], ['Peat', '479'], ['Pebbles', '457'], ['Pencil', '1228'], ['Petalia', '617'], ['Pharaone®', '1199'], ['Pink Crystal', '1265'], ['Pink Himalayan Sea Salt', '1258'], ['Plastic', '954'], ['Plastic Bag', '1401'], ['Poison', '1350'], ['Poivrol', '1192'], ['Pollen', '896'], ['Pomarose', '872'], ['Powdery Notes', '482'], ['Priest’s Clothes', '1400'], ['Propolis', '1116'], ['Prunol', '1311'], ['Rain Notes', '800'], ['Rose Oxide', '1275'], ['Salicylic Acid', '1213'], ['Salt', '231'], ['Sand', '325'], ['Satin', '558'], ['Sauna', '1357'], ['Scent Trek®', '1106'], ['Sclarene', '1301'], ['Sea Water', '324'], ['Shamama Attar', '1329'], ['Silk', '1003'], ['Silver', '1431'], ['Sinfonide', '1179'], ['Siren', '1358'], ['Slate', '459'], ['Smoke', '735'], ['Snow', '835'], ['Soap', '1057'], ['Sodium Silicate', '802'], ['Solar Notes', '672'], ['SP3 Carbon', '1188'], ['Spiranol', '1052'], ['Spray Paint', '998'], ['Steam accord', '1356'], ['Stone', '1073'], ['Sulphur', '1063'], ['Suntan Lotion', '1035'], ['Sweat', '1409'], ['Talc', '976'], ['Tennis Ball', '557'], ['Terpineol', '1310'], ['Terranol', '1193'], ['Timbersilk™', '1201'], ['Tonquitone™', '1134'], ['Trimofix®', '1137'], ['Tuberolide', '1196'], ['Tulle accord', '842'], ['Vanillin', '1078'], ['Varnish Accord', '789'], ['Velvet', '779'], ['Verdox', '1053'], ['Vinyl', '499'], ['Vinyl Guaiacol', '1185'], ['Water', '370'], ['Wet Plaster', '607'], ['Wet Stone', '1390'], ['White Leather', '1212'], ['Wool', '830'], ['Yeast', '1081']]"
